"Vote"," ""Gender"""," ""Age Group"""
"No - I don\'t care enough about exams to pay"," ""female"""," ""18-24"""
"No - I don\'t care enough about exams to pay"," ""male"""," ""18-24"""
"No - I don\'t care enough about exams to pay"," ""male"""," ""18-24"""
"No - I don\'t care enough about exams to pay"," ""male"""," ""18-24"""
"No - I don\'t care enough about exams to pay"," ""female"""," ""18-24"""
"No - I don\'t care enough about exams to pay"," ""male"""," ""18-24"""
"No - I don\'t care enough about exams to pay"," ""female"""," ""18-24"""
"No - I don\'t care enough about exams to pay"," ""female"""," ""18-24"""
"No - I don\'t care enough about exams to pay"," ""female"""," ""18-24"""
"No - I don\'t care enough about exams to pay"," ""male"""," ""18-24"""
"No - I don\'t care enough about exams to pay"," ""male"""," ""18-24"""
"No - I don\'t care enough about exams to pay"," ""female"""," ""18-24"""
"No - I don\'t care enough about exams to pay"," ""male"""," ""18-24"""
"No - I don\'t care enough about exams to pay"," ""male"""," ""18-24"""
"No - I don\'t care enough about exams to pay"," ""male"""," ""25-34"""
"Yes - I\'d pay around £15"," ""male"""," ""18-24"""
"Yes - I\'d pay around £15"," ""male"""," ""18-24"""
"Yes - I\'d pay around £15"," ""male"""," ""18-24"""
"Yes - I\'d pay around £15"," ""female"""," ""18-24"""
"Yes - I\'d pay around £15"," ""female"""," ""25-34"""
"Yes - I\'d pay around £15"," ""male"""," ""18-24"""
"Yes - I\'d pay around £15"," ""male"""," ""18-24"""
"Yes - I\'d pay around £15"," ""male"""," ""18-24"""
"Yes - I\'d pay around £15"," ""male"""," ""18-24"""
"Yes - I\'d pay around £15"," ""male"""," ""18-24"""
"Yes - I\'d pay around £5"," ""male"""," ""18-24"""
"Yes - I\'d pay around £5"," ""female"""," ""35-49"""
"Yes - I\'d pay around £5"," ""female"""," ""18-24"""
"Yes - I\'d pay around £5"," ""female"""," ""18-24"""
"Yes - I\'d pay around £5"," ""male"""," ""18-24"""
"Yes - I\'d pay around £5"," ""male"""," ""18-24"""
"Yes - I\'d pay around £5"," ""female"""," ""25-34"""
"Yes - I\'d pay around £5"," ""male"""," ""18-24"""
"Yes - I\'d pay around £5"," ""female"""," ""18-24"""
"Yes - I\'d pay around £5"," ""male"""," ""18-24"""
"Yes - I\'d pay around £5"," ""female"""," ""18-24"""
"Yes - I\'d pay around £5"," ""male"""," ""18-24"""
"Yes - I\'d pay around £5"," ""female"""," ""18-24"""
"Yes - I\'d pay around £5"," ""female"""," ""18-24"""
"Yes - I\'d pay around £5"," ""female"""," ""18-24"""
"Yes - I\'d pay around £5"," ""female"""," ""18-24"""
"Yes - I\'d pay around £5"," ""male"""," ""18-24"""
"Yes - I\'d pay around £5"," ""female"""," ""18-24"""
"Yes - I\'d pay around £5"," ""female"""," ""18-24"""
"Yes - I\'d pay around £5"," ""male"""," ""18-24"""
"Yes - I\'d pay around £5"," ""female"""," ""18-24"""
"Yes - I\'d pay around £5"," ""male"""," ""18-24"""
"Yes - I\'d pay around £5"," ""female"""," ""18-24"""
"Yes - I\'d pay around £5"," ""male"""," ""18-24"""
"Yes - I\'d pay around £5"," ""female"""," ""18-24"""
"Yes - I\'d pay around £5"," ""female"""," ""other"""
"Yes - I\'d pay around £5"," ""male"""," ""18-24"""
"Yes - I\'d pay around £5"," ""female"""," ""18-24"""
"Yes - I\'d pay around £5"," ""female"""," ""18-24"""
"Yes - I\'d pay around £5"," ""female"""," ""18-24"""
"Yes - I\'d pay around £5"," ""female"""," ""18-24"""
"Yes - I\'d pay around £5"," ""male"""," ""18-24"""
"Yes - I\'d pay around £5"," ""male"""," ""18-24"""
"Yes - I\'d pay around £5"," ""female"""," ""25-34"""
"Yes - I\'d pay around £5"," ""male"""," ""18-24"""
"No - I can get practice exam answers marked free"," ""female"""," ""18-24"""
"No - I can get practice exam answers marked free"," ""male"""," ""18-24"""
"No - I can get practice exam answers marked free"," ""male"""," ""25-34"""
"No - I can get practice exam answers marked free"," ""female"""," ""18-24"""
"No - I can get practice exam answers marked free"," ""female"""," ""18-24"""
"No - I can get practice exam answers marked free"," ""male"""," ""18-24"""
"No - I can get practice exam answers marked free"," ""female"""," ""18-24"""
"No - I can get practice exam answers marked free"," ""male"""," ""18-24"""
"No - I can get practice exam answers marked free"," ""female"""," ""18-24"""
"No - I can get practice exam answers marked free"," ""male"""," ""18-24"""
"No - I can get practice exam answers marked free"," ""female"""," ""18-24"""
"No - I can get practice exam answers marked free"," ""female"""," ""18-24"""
"No - I can get practice exam answers marked free"," ""female"""," ""18-24"""
"No - I can get practice exam answers marked free"," ""female"""," ""18-24"""
"No - I can get practice exam answers marked free"," ""female"""," ""25-34"""
"No - I can get practice exam answers marked free"," ""male"""," ""18-24"""
"Yes - I\'d pay around £10 "," ""female"""," ""18-24"""
"Yes - I\'d pay around £10 "," ""male"""," ""18-24"""
"Yes - I\'d pay around £10 "," ""female"""," ""18-24"""
"Yes - I\'d pay around £10 "," ""female"""," ""18-24"""
"Yes - I\'d pay around £10 "," ""female"""," ""18-24"""
"Yes - I\'d pay around £10 "," ""female"""," ""18-24"""
"Yes - I\'d pay around £10 "," ""male"""," ""18-24"""
"Yes - I\'d pay around £10 "," ""male"""," ""18-24"""
"Yes - I\'d pay around £10 "," ""female"""," ""18-24"""
"Yes - I\'d pay around £10 "," ""female"""," ""18-24"""
"Yes - I\'d pay around £10 "," ""female"""," ""18-24"""
"Yes - I\'d pay around £10 "," ""male"""," ""18-24"""
"Yes - I\'d pay around £10 "," ""male"""," ""18-24"""
"Yes - I\'d pay around £10 "," ""male"""," ""18-24"""
"Yes - I\'d pay around £10 "," ""male"""," ""18-24"""
"Yes - I\'d pay around £10 "," ""male"""," ""18-24"""
"Yes - I\'d pay around £10 "," ""male"""," ""18-24"""
"Yes - I\'d pay around £10 "," ""female"""," ""other"""
"Yes - I\'d pay around £10 "," ""male"""," ""18-24"""
"Yes - I\'d pay around £10 "," ""female"""," ""18-24"""
"Yes - I\'d pay around £10 "," ""female"""," ""18-24"""
"Yes - I\'d pay around £10 "," ""female"""," ""18-24"""
"Yes - I\'d pay around £10 "," ""female"""," ""18-24"""
